나라,판수,지도,원래이름
13개 식민지,1,3권_p137_미국 혁명의 전개,13개 식민지
1783년 영국으로부터 획득한 영토,1,3권_p137_미국 혁명의 전개,1783년 영국으로부터 획득한 영토
1995년 가입국,1,4권_p206_유럽 연합 회원국(2023년 기준),1995년 가입국
2004년 가입국,1,4권_p206_유럽 연합 회원국(2023년 기준),2004년 가입국
2007년 가입국,1,4권_p206_유럽 연합 회원국(2023년 기준),2007년 가입국
2013년 가입국,1,4권_p206_유럽 연합 회원국(2023년 기준),2013년 가입국
가즈니 왕조,1,3권_p127_인도의 이슬람화,가즈니 왕조
감비아,2,3권_p156_제국주의 열강의 아프리카 분할(1913년경) / 3권_p173_아프리카의 저항 운동,감비아
골드코스트,1,3권_p156_제국주의 열강의 아프리카 분할(1913년경),골드코스트
과테말라,1,3권_p148_라틴 아메리카의 독립,과테말라
교황령,1,3권_p145_이탈리아의 통일 과정,교황령(1870년 병합)
구르 왕조,1,3권_p127_인도의 이슬람화,구르 왕조
구유고 연방,1,4권_p204_구유고 연방의 분리,구유고 연방
굽타 왕조,1,1권_p036_굽타 왕조와 그 영향권,굽타 왕조
그리스,4,4권_p181_제1차 세계 대전의 전개 / 4권_p183_참전국의 사상자 수 / 4권_p190_1939~1941년 사이 유럽에서의 전쟁 상황 / 4권_p206_유럽 연합 회원국(2023년 기준),그리스
그리스 정교 세력권,1,1권_p058_십자군 전쟁의 전개 과정,그리스 정교 세력권
그리스(고대),1,1권_p045_그리스·페르시아 전쟁,그리스와 그 동맹국
금,1,2권_p077_금과 남송의 영역,금
기니,1,3권_p173_아프리카의 저항 운동,기니
나이지리아,2,3권_p156_제국주의 열강의 아프리카 분할(1913년경) / 3권_p173_아프리카의 저항 운동,나이지리아
나폴리 왕국,1,3권_p142_나폴레옹 시대의 유럽 정세,나폴리 왕국
남베트남,1,4권_p197_베트남의 분단,남베트남
남서아프리카,1,3권_p173_아프리카의 저항 운동,남서아프리카
남송,1,2권_p077_금과 남송의 영역,남송
남수단,1,4권_p210_수단과 남수단의 분리,남수단
남아프리카 연방,2,3권_p156_제국주의 열강의 아프리카 분할(1913년경) / 3권_p173_아프리카의 저항 운동,남아프리카 연방
냉전 당시 공산주의 진영 동유럽 국가들,1,4권_p201_소련의 해체와 동유럽의 변화,냉전 당시 공산주의 진영 동유럽 국가들
네덜란드,2,4권_p190_1939~1941년 사이 유럽에서의 전쟁 상황 / 4권_p206_유럽 연합 회원국(2023년 기준),네덜란드
네덜란드령,2,3권_p157_제국주의 열강의 아시아·태평양 분할 / 3권_p171_동남아시아의 식민지화,네덜란드령
네덜란드령 가이아나,1,3권_p148_라틴 아메리카의 독립,네덜란드령 가이아나
네팔·부탄,1,3권_p157_제국주의 열강의 아시아·태평양 분할,네팔·부탄
노르웨이,1,4권_p190_1939~1941년 사이 유럽에서의 전쟁 상황,노르웨이
뉴질랜드,1,3권_p157_제국주의 열강의 아시아·태평양 분할,뉴질랜드
뉴칼레도니아 제도,1,3권_p157_제국주의 열강의 아시아·태평양 분할,뉴칼레도니아 제도
뉴칼레도니아 제도 범위,1,3권_p157_제국주의 열강의 아시아·태평양 분할,뉴칼레도니아 제도 범위(프랑스)
뉴헤브리디스 제도,1,3권_p157_제국주의 열강의 아시아·태평양 분할,뉴헤브리디스 제도
뉴헤브리디스 제도 범위,1,3권_p157_제국주의 열강의 아시아·태평양 분할,뉴헤브리디스 제도 범위(영국)
니아살랜드,1,3권_p156_제국주의 열강의 아프리카 분할(1913년경),니아살랜드
니카라과,1,3권_p148_라틴 아메리카의 독립,니카라과
달러 블록,1,4권_p188_각국의 블록 경제,달러 블록
당의 세력권,1,1권_p029_당의 발전,당의 세력권
대한 제국(강제 병합),1,3권_p167_일본의 대외 팽창,대한 제국(강제 병합)
덴마크,2,4권_p190_1939~1941년 사이 유럽에서의 전쟁 상황 / 4권_p206_유럽 연합 회원국(2023년 기준),덴마크
덴마크·노르웨이,1,3권_p142_나폴레옹 시대의 유럽 정세,덴마크·노르웨이
도미니카,1,3권_p148_라틴 아메리카의 독립,도미니카
독립 국가 연합,1,4권_p201_소련의 해체와 동유럽의 변화,"독립 국가 연합(CIS, 1991년 기준)"
독립국,3,3권_p156_제국주의 열강의 아프리카 분할(1913년경) / 3권_p157_제국주의 열강의 아시아·태평양 분할 / 3권_p173_아프리카의 저항 운동,독립국
독립국 기타 지역,1,3권_p173_아프리카의 저항 운동,독립국 기타 지역(지도에 이름 없음)
독일,5,4권_p181_제1차 세계 대전의 전개 / 4권_p183_참전국의 사상자 수 / 4권_p190_1939~1941년 사이 유럽에서의 전쟁 상황 / 4권_p201_소련의 해체와 동유럽의 변화 / 4권_p206_유럽 연합 회원국(2023년 기준),"독일 / 독일(통일, 1990)"
독일 세력 범위,1,3권_p157_제국주의 열강의 아시아·태평양 분할,독일 세력 범위(팔라우·캐롤라인·마셜 제도)
독일 제국,2,3권_p146_독일의 통일 과정 / 4권_p184_제1차 세계 대전 전후의 유럽,독일 제국 / 독일 제국(1871)
독일령,3,3권_p156_제국주의 열강의 아프리카 분할(1913년경) / 3권_p157_제국주의 열강의 아시아·태평양 분할 / 3권_p173_아프리카의 저항 운동,독일령
독일령 기타 지역,1,3권_p173_아프리카의 저항 운동,독일령 기타 지역(지도에 이름 없음)
독일령 남서아프리카,1,3권_p156_제국주의 열강의 아프리카 분할(1913년경),독일령 남서아프리카
독일령 뉴기니,1,3권_p157_제국주의 열강의 아시아·태평양 분할,독일령 뉴기니(카이저빌헬름슬란트·비스마르크 제도)
독일령 동아프리카,1,3권_p156_제국주의 열강의 아프리카 분할(1913년경),독일령 동아프리카
동맹국,2,4권_p181_제1차 세계 대전의 전개 / 4권_p183_참전국의 사상자 수,동맹국
동벵골과 아삼,1,3권_p169_영국의 벵골 분할령,동벵골과 아삼
동아시아 교역망,1,2권_p101_신항로 개척 이전의 지역 교역망과 주요 교역로,동아시아 교역망
동아프리카,1,3권_p173_아프리카의 저항 운동,동아프리카
라오스,1,3권_p157_제국주의 열강의 아시아·태평양 분할,라오스
라이베리아,2,3권_p156_제국주의 열강의 아프리카 분할(1913년경) / 3권_p173_아프리카의 저항 운동,라이베리아
라인 연방,1,3권_p142_나폴레옹 시대의 유럽 정세,라인 연방
라트비아,2,4권_p184_제1차 세계 대전 전후의 유럽 / 4권_p206_유럽 연합 회원국(2023년 기준),라트비아
러시아,2,4권_p181_제1차 세계 대전의 전개 / 4권_p183_참전국의 사상자 수,러시아
러시아 연방,1,4권_p201_소련의 해체와 동유럽의 변화,러시아 연방
러시아 제국,1,4권_p184_제1차 세계 대전 전후의 유럽,러시아 제국
로디지아,2,3권_p156_제국주의 열강의 아프리카 분할(1913년경) / 3권_p173_아프리카의 저항 운동,로디지아
로마 가톨릭교,1,2권_p090_16세기 유럽의 종교 분포,로마 가톨릭교(구교)
로마 가톨릭교회 세력권,1,1권_p058_십자군 전쟁의 전개 과정,로마 가톨릭교회 세력권
로마 제국,3,1권_p050_로마 제국의 영역,로마(동·서 분리 시) / 로마(로마-카르타고 전쟁 전) / 로마(카이사르 사망 시)
롬바르드 동맹,1,1권_p059_중세 유럽의 교역 발달,롬바르드 동맹
루마니아,4,4권_p181_제1차 세계 대전의 전개 / 4권_p183_참전국의 사상자 수 / 4권_p201_소련의 해체와 동유럽의 변화 / 4권_p206_유럽 연합 회원국(2023년 기준),루마니아
룩셈부르크,1,4권_p206_유럽 연합 회원국(2023년 기준),룩셈부르크
류큐,1,3권_p167_일본의 대외 팽창,류큐(오키나와현)
르완다,1,4권_p203_르완다,르완다
리비아,2,3권_p156_제국주의 열강의 아프리카 분할(1913년경) / 3권_p173_아프리카의 저항 운동,리비아
리오데오로,2,3권_p156_제국주의 열강의 아프리카 분할(1913년경) / 3권_p173_아프리카의 저항 운동,리오데오로
리오무니,1,3권_p156_제국주의 열강의 아프리카 분할(1913년경),리오무니(에스파냐령 기니)
리투아니아,2,4권_p184_제1차 세계 대전 전후의 유럽 / 4권_p206_유럽 연합 회원국(2023년 기준),리투아니아
마다가스카르,2,3권_p156_제국주의 열강의 아프리카 분할(1913년경) / 3권_p173_아프리카의 저항 운동,마다가스카르
마야,1,1권_p014-015_여러 지역에서 형성된 다양한 문명,마야
마우리아 왕조,1,1권_p034_마우리아 왕조의 영역과 석주,마우리아 왕조
마케도니아,1,4권_p201_소련의 해체와 동유럽의 변화,마케도니아
마케도니아 왕국(고대),2,1권_p045_그리스·페르시아 전쟁 / 1권_p046_알렉산드로스의 정복 활동,마케도니아(초기의 영토) / 마케도니아(페르시아의 동맹국)
말레이시아,1,3권_p157_제국주의 열강의 아시아·태평양 분할,말레이시아(영국령 말라야·보르네오 북부)
메소포타미아 문명,1,1권_p014-015_여러 지역에서 형성된 다양한 문명,메소포타미아 문명
멕시코,1,3권_p148_라틴 아메리카의 독립,멕시코
명,1,2권_p102_정화의 항해,명
모로코,2,3권_p156_제국주의 열강의 아프리카 분할(1913년경) / 3권_p173_아프리카의 저항 운동,모로코 / 모로코(프랑스 보호령)
모잠비크,2,3권_p156_제국주의 열강의 아프리카 분할(1913년경) / 3권_p173_아프리카의 저항 운동,모잠비크
모직물 공업 지대,1,1권_p059_중세 유럽의 교역 발달,모직물 공업 지대
몬테네그로,1,4권_p204_구유고 연방의 분리,몬테네그로
몰도바,1,4권_p201_소련의 해체와 동유럽의 변화,몰도바
몰타,1,4권_p206_유럽 연합 회원국(2023년 기준),몰타
몽골 제국,1,2권_p080_몽골 제국의 영역,몽골 제국의 최대 영역
무굴 제국,3,3권_p128_무굴 제국의 발전,무굴 제국 / 무굴 제국(아우랑제브 시대에 확대된 영역) / 무굴 제국(아크바르 시대)
무함마드 시대,1,2권_p069_여러 이슬람 제국의 형성과 변천,무함마드 시대의 영역
미국,1,3권_p137_미국 혁명의 전개,미국(1783년)
미국 세력 범위,1,3권_p157_제국주의 열강의 아시아·태평양 분할,미국 세력 범위(하와이·마커스섬·팔미라 제도)
미국령,1,3권_p157_제국주의 열강의 아시아·태평양 분할,미국령
미얀마,1,3권_p157_제국주의 열강의 아시아·태평양 분할,미얀마
바르샤바 공국,1,3권_p142_나폴레옹 시대의 유럽 정세,바르샤바 공국
바빌로니아 왕국,1,1권_p016_메소포타미아 문명의 영역,바빌로니아 왕국
바수톨란드,1,3권_p156_제국주의 열강의 아프리카 분할(1913년경),바수톨란드
바스크,1,4권_p184_제1차 세계 대전 전후의 유럽,바스크(지명 추정)
발트 3국,1,4권_p190_1939~1941년 사이 유럽에서의 전쟁 상황,발트 3국(추정)
베네수엘라,1,3권_p148_라틴 아메리카의 독립,베네수엘라
베네치아,1,3권_p145_이탈리아의 통일 과정,베네치아(1866년 병합)
베사라비아,1,4권_p190_1939~1941년 사이 유럽에서의 전쟁 상황,베사라비아(추정)
베추아날란드,1,3권_p156_제국주의 열강의 아프리카 분할(1913년경),베추아날란드
베트남,1,3권_p157_제국주의 열강의 아시아·태평양 분할,베트남
벨기에,4,4권_p181_제1차 세계 대전의 전개 / 4권_p183_참전국의 사상자 수 / 4권_p190_1939~1941년 사이 유럽에서의 전쟁 상황 / 4권_p206_유럽 연합 회원국(2023년 기준),벨기에
벨기에령,2,3권_p156_제국주의 열강의 아프리카 분할(1913년경) / 3권_p173_아프리카의 저항 운동,벨기에령
벨기에령 콩고,2,3권_p156_제국주의 열강의 아프리카 분할(1913년경) / 3권_p173_아프리카의 저항 운동,벨기에령 콩고
벨라루스,1,4권_p201_소련의 해체와 동유럽의 변화,벨라루스
벼의 이모작 지역,1,2권_p078_송대 산업의 발달과 동아시아 교역의 증대,벼의 이모작 지역
보스니아 헤르체고비나,2,4권_p201_소련의 해체와 동유럽의 변화 / 4권_p204_구유고 연방의 분리,보스니아 헤르체고비나
보이보디나 자치주,1,4권_p204_구유고 연방의 분리,보이보디나 자치주
볼리비아,1,3권_p148_라틴 아메리카의 독립,볼리비아
북독일 연방,1,3권_p146_독일의 통일 과정,북독일 연방(1867)
북마케도니아,1,4권_p204_구유고 연방의 분리,북마케도니아
북베트남,1,4권_p197_베트남의 분단,북베트남
북위,1,1권_p027_남북조 시대의 형세(5세기),북위
북유럽 교역권,1,1권_p059_중세 유럽의 교역 발달,북유럽 교역권
불가리아,5,4권_p181_제1차 세계 대전의 전개 / 4권_p183_참전국의 사상자 수 / 4권_p190_1939~1941년 사이 유럽에서의 전쟁 상황 / 4권_p201_소련의 해체와 동유럽의 변화 / 4권_p206_유럽 연합 회원국(2023년 기준),불가리아
브라질,1,3권_p148_라틴 아메리카의 독립,브라질
비옥한 초승달 지대,1,1권_p016_메소포타미아 문명의 영역,비옥한 초승달 지대
비잔티움 제국,6,1권_p041_파르티아와 사산 왕조 페르시아의 영역 / 1권_p042_6세기경 교역로의 변화 / 1권_p052_게르만족의 이동 / 1권_p056_비잔티움 제국의 영역과 5대 교구,비잔티움 제국 / 비잔티움 제국(유스티니아누스 시대 최대) / 비잔티움 제국(유스티니아누스 즉위 시) / 유스티니아누스 황제의 정복지
사르데냐 왕국,1,3권_p145_이탈리아의 통일 과정,사르데냐 왕국(1815)
사모아 제도,1,3권_p157_제국주의 열강의 아시아·태평양 분할,사모아 제도(독일령)
사부아·니스,1,3권_p145_이탈리아의 통일 과정,사부아·니스(1860년 프랑스에 할양)
사산 왕조 페르시아,2,1권_p041_파르티아와 사산 왕조 페르시아의 영역 / 1권_p042_6세기경 교역로의 변화,사산 왕조 페르시아
사쓰마번,1,3권_p165_일본의 개항,사쓰마번
사파비 왕조,1,2권_p074_티무르 왕조와 사파비 왕조의 영역,사파비 왕조
사할린 남부,1,3권_p167_일본의 대외 팽창,사할린 남부(포츠머스 조약 획득지)
산업 및 상업 중심지,1,3권_p121_명·청대의 산업과 상업,산업 및 상업 중심지
상,1,1권_p019_상과 주의 세력 범위,상
새로운 국가,1,4권_p184_제1차 세계 대전 전후의 유럽,새로운 국가
샹파뉴 지방,1,1권_p059_중세 유럽의 교역 발달,샹파뉴 지방(정기시)
서로마 제국,1,1권_p052_게르만족의 이동,서로마 제국
서벵골,1,3권_p169_영국의 벵골 분할령,서벵골
서유럽 교역망,1,2권_p101_신항로 개척 이전의 지역 교역망과 주요 교역로,서유럽 교역망
서하,2,2권_p077_금과 남송의 영역 / 2권_p077_요와 송의 영역,서하
석탄 산지,1,3권_p151_산업 혁명 시기 영국,석탄 산지
세르비아,4,4권_p181_제1차 세계 대전의 전개 / 4권_p183_참전국의 사상자 수 / 4권_p201_소련의 해체와 동유럽의 변화 / 4권_p204_구유고 연방의 분리,세르비아
셀주크 튀르크,1,2권_p073_셀주크 튀르크의 발전,셀주크 튀르크
셀주크 튀르크의 발흥지,1,2권_p073_셀주크 튀르크의 발전,셀주크 튀르크의 발흥지
소련,1,4권_p190_1939~1941년 사이 유럽에서의 전쟁 상황,소련
소련이 병합한 지역,1,4권_p190_1939~1941년 사이 유럽에서의 전쟁 상황,소련이 병합한 지역(1939~1941)
솔로몬 제도,1,3권_p157_제국주의 열강의 아시아·태평양 분할,솔로몬 제도
송,2,2권_p077_요와 송의 영역 / 2권_p078_송대 산업의 발달과 동아시아 교역의 증대,송
송(남조),1,1권_p027_남북조 시대의 형세(5세기),송(남조)
수단,4,3권_p156_제국주의 열강의 아프리카 분할(1913년경) / 3권_p173_아프리카의 저항 운동 / 4권_p210_수단과 남수단의 분리,수단 / 수단(분리 전)
수단·남수단 분쟁 지역,1,4권_p210_수단과 남수단의 분리,수단·남수단 분쟁 지역
수메르인의 초기 정착지,1,1권_p016_메소포타미아 문명의 영역,수메르인의 초기 정착지
스리랑카,1,3권_p157_제국주의 열강의 아시아·태평양 분할,스리랑카(실론)
스와질란드,1,3권_p156_제국주의 열강의 아프리카 분할(1913년경),스와질란드
스웨덴,2,4권_p190_1939~1941년 사이 유럽에서의 전쟁 상황 / 4권_p206_유럽 연합 회원국(2023년 기준),스웨덴
스위스,2,3권_p142_나폴레옹 시대의 유럽 정세 / 4권_p190_1939~1941년 사이 유럽에서의 전쟁 상황,스위스
스코틀랜드,1,4권_p181_제1차 세계 대전의 전개,스코틀랜드
슬로바키아,2,4권_p201_소련의 해체와 동유럽의 변화 / 4권_p206_유럽 연합 회원국(2023년 기준),슬로바키아
슬로베니아,3,4권_p201_소련의 해체와 동유럽의 변화 / 4권_p204_구유고 연방의 분리 / 4권_p206_유럽 연합 회원국(2023년 기준),슬로베니아
시에라리온,2,3권_p156_제국주의 열강의 아프리카 분할(1913년경) / 3권_p173_아프리카의 저항 운동,시에라리온
신유고 연방,1,4권_p204_구유고 연방의 분리,신유고 연방(1992)
쌀 주요 생산지,1,3권_p121_명·청대의 산업과 상업,쌀 주요 생산지
아르메니아,2,4권_p184_제1차 세계 대전 전후의 유럽 / 4권_p201_소련의 해체와 동유럽의 변화,아르메니아
아르헨티나,1,3권_p148_라틴 아메리카의 독립,아르헨티나
아리아인의 정착지,3,1권_p018_인도 문명과 아리아인의 이동,아리아인의 정착지(기원전 1000년경) / 아리아인의 정착지(기원전 1500년경) / 아리아인의 정착지(기원전 500년경)
아바스 왕조,1,2권_p069_여러 이슬람 제국의 형성과 변천,아바스 왕조의 최대 영역
아스테카 제국,1,2권_p103_16세기 포르투갈과 에스파냐의 교역망 확대,아스테카 제국
아시리아,1,1권_p040_아시리아와 아케메네스 왕조 페르시아의 영역,아시리아
아이티,1,3권_p148_라틴 아메리카의 독립,아이티
아일랜드,4,4권_p181_제1차 세계 대전의 전개 / 4권_p184_제1차 세계 대전 전후의 유럽 / 4권_p190_1939~1941년 사이 유럽에서의 전쟁 상황 / 4권_p206_유럽 연합 회원국(2023년 기준),아일랜드
아제르바이잔,2,4권_p184_제1차 세계 대전 전후의 유럽 / 4권_p201_소련의 해체와 동유럽의 변화,아제르바이잔
아케메네스 왕조 페르시아,2,1권_p040_아시리아와 아케메네스 왕조 페르시아의 영역 / 1권_p045_그리스·페르시아 전쟁,아케메네스 왕조 페르시아
알렉산드로스 제국,1,1권_p046_알렉산드로스의 정복 활동,알렉산드로스 제국
알바니아,3,4권_p181_제1차 세계 대전의 전개 / 4권_p190_1939~1941년 사이 유럽에서의 전쟁 상황 / 4권_p201_소련의 해체와 동유럽의 변화,알바니아
알자스·로렌,1,3권_p146_독일의 통일 과정,알자스·로렌(1871년 독일 편입)
알제리,2,3권_p156_제국주의 열강의 아프리카 분할(1913년경) / 3권_p173_아프리카의 저항 운동,알제리
앙골라,2,3권_p156_제국주의 열강의 아프리카 분할(1913년경) / 3권_p173_아프리카의 저항 운동,앙골라
에리트레아,1,3권_p156_제국주의 열강의 아프리카 분할(1913년경),에리트레아
에스토니아,2,4권_p184_제1차 세계 대전 전후의 유럽 / 4권_p206_유럽 연합 회원국(2023년 기준),에스토니아
에스파냐,3,3권_p142_나폴레옹 시대의 유럽 정세 / 4권_p190_1939~1941년 사이 유럽에서의 전쟁 상황 / 4권_p206_유럽 연합 회원국(2023년 기준),에스파냐
에스파냐 관리 구역,1,2권_p103_16세기 포르투갈과 에스파냐의 교역망 확대,에스파냐 관리 구역
에스파냐령,3,3권_p156_제국주의 열강의 아프리카 분할(1913년경) / 3권_p171_동남아시아의 식민지화 / 3권_p173_아프리카의 저항 운동,에스파냐령 / 에스파냐령(1898년 이후 미국령)
에스파냐령 기타 지역,1,3권_p173_아프리카의 저항 운동,에스파냐령 기타 지역(지도에 이름 없음)
에스파냐령 모로코,1,3권_p156_제국주의 열강의 아프리카 분할(1913년경),에스파냐령 모로코
에콰도르,1,3권_p148_라틴 아메리카의 독립,에콰도르
에티오피아,2,3권_p156_제국주의 열강의 아프리카 분할(1913년경) / 3권_p173_아프리카의 저항 운동,에티오피아
엘살바도르,1,3권_p148_라틴 아메리카의 독립,엘살바도르
연운 16주,1,2권_p077_요와 송의 영역,연운 16주
연합국,3,4권_p181_제1차 세계 대전의 전개 / 4권_p183_참전국의 사상자 수 / 4권_p190_1939~1941년 사이 유럽에서의 전쟁 상황,연합국
영국,3,4권_p181_제1차 세계 대전의 전개 / 4권_p183_참전국의 사상자 수 / 4권_p190_1939~1941년 사이 유럽에서의 전쟁 상황,영국
영국령,3,3권_p156_제국주의 열강의 아프리카 분할(1913년경) / 3권_p171_동남아시아의 식민지화 / 3권_p173_아프리카의 저항 운동,영국령
영국령 가이아나,1,3권_p148_라틴 아메리카의 독립,영국령 가이아나
영국령 기타 지역,1,3권_p173_아프리카의 저항 운동,영국령 기타 지역(지도에 이름 없음)
영국령 소말릴란드,1,3권_p156_제국주의 열강의 아프리카 분할(1913년경),영국령 소말릴란드
영국령 인도,3,3권_p157_제국주의 열강의 아시아·태평양 분할 / 3권_p168_세포이의 항쟁 주요 지역,영국 통치 영역(1805년) / 영국 통치 영역(1856년) / 인도(영국령 인도 제국)
영국령 파푸아,1,3권_p157_제국주의 열강의 아시아·태평양 분할,영국령 파푸아
영국령과 그 영향권,1,3권_p157_제국주의 열강의 아시아·태평양 분할,영국령과 그 영향권
오스만 제국,7,3권_p130_오스만 제국의 영역 / 4권_p181_제1차 세계 대전의 전개 / 4권_p183_참전국의 사상자 수,오스만 제국 / 오스만 제국(1300년경) / 오스만 제국(1520년경) / 오스만 제국(17세기 후반) / 오스만 제국(메흐메트 2세 시대의 정복지) / 오스만 제국(술레이만 1세의 정복지)
오스트레일리아,1,3권_p157_제국주의 열강의 아시아·태평양 분할,오스트레일리아
오스트리아,3,3권_p142_나폴레옹 시대의 유럽 정세 / 4권_p184_제1차 세계 대전 전후의 유럽 / 4권_p206_유럽 연합 회원국(2023년 기준),오스트리아
오스트리아·헝가리 제국,3,4권_p181_제1차 세계 대전의 전개 / 4권_p183_참전국의 사상자 수 / 4권_p184_제1차 세계 대전 전후의 유럽,오스트리아·헝가리 제국
온두라스,1,3권_p148_라틴 아메리카의 독립,온두라스
올멕,1,1권_p014-015_여러 지역에서 형성된 다양한 문명,올멕
요,1,2권_p077_요와 송의 영역,요
우간다,1,3권_p156_제국주의 열강의 아프리카 분할(1913년경),우간다
우루과이,1,3권_p148_라틴 아메리카의 독립,우루과이
우마이야 왕조,2,2권_p069_여러 이슬람 제국의 형성과 변천,우마이야 왕조의 정복지 / 우마이야 왕조의 최대 영역
우방기샤리,1,3권_p156_제국주의 열강의 아프리카 분할(1913년경),우방기샤리
우즈베키스탄,1,4권_p201_소련의 해체와 동유럽의 변화,우즈베키스탄
우크라이나,2,4권_p184_제1차 세계 대전 전후의 유럽 / 4권_p201_소련의 해체와 동유럽의 변화,우크라이나
원(몽골 제국),1,2권_p080_몽골 제국의 영역,원
유고슬라비아,2,4권_p184_제1차 세계 대전 전후의 유럽 / 4권_p190_1939~1941년 사이 유럽에서의 전쟁 상황,유고슬라비아
유고슬라비아 연방,1,4권_p201_소련의 해체와 동유럽의 변화,유고슬라비아 연방
유럽 연합 창설 회원국,1,4권_p206_유럽 연합 회원국(2023년 기준),"유럽 연합 창설 회원국(1993, 영국 제외)"
유럽 연합 회원국,1,4권_p206_유럽 연합 회원국(2023년 기준),유럽 연합 회원국(2023년)
이슬람 세력권,1,1권_p029_당의 발전,이슬람 세력권
이슬람교 세력권,1,1권_p058_십자군 전쟁의 전개 과정,이슬람교 세력권
이집트,2,3권_p156_제국주의 열강의 아프리카 분할(1913년경) / 3권_p173_아프리카의 저항 운동,이집트
이집트 문명,1,1권_p014-015_여러 지역에서 형성된 다양한 문명,이집트 문명
이집트 신왕국,1,1권_p017_이집트 문명의 영역,이집트 신왕국
이탈리아,4,4권_p181_제1차 세계 대전의 전개 / 4권_p183_참전국의 사상자 수 / 4권_p190_1939~1941년 사이 유럽에서의 전쟁 상황 / 4권_p206_유럽 연합 회원국(2023년 기준),이탈리아
이탈리아 왕국,3,3권_p142_나폴레옹 시대의 유럽 정세 / 3권_p145_이탈리아의 통일 과정,이탈리아 왕국 / 이탈리아 왕국(1861) / 이탈리아 왕국(1870)
이탈리아령,2,3권_p156_제국주의 열강의 아프리카 분할(1913년경) / 3권_p173_아프리카의 저항 운동,이탈리아령
이탈리아령 기타 지역,1,3권_p173_아프리카의 저항 운동,이탈리아령 기타 지역(지도에 이름 없음)
이탈리아령 소말릴란드,1,3권_p156_제국주의 열강의 아프리카 분할(1913년경),이탈리아령 소말릴란드
이프니,1,3권_p156_제국주의 열강의 아프리카 분할(1913년경),이프니
인구 밀집 지역,1,3권_p151_산업 혁명 시기 영국,인구 밀집 지역
인더스 문명,1,1권_p018_인도 문명과 아리아인의 이동,인더스 문명
인도 문명,1,1권_p014-015_여러 지역에서 형성된 다양한 문명,인도 문명
인도 및 동남아시아 교역망,1,2권_p101_신항로 개척 이전의 지역 교역망과 주요 교역로,인도 및 동남아시아 교역망
인도네시아,1,3권_p157_제국주의 열강의 아시아·태평양 분할,인도네시아(네덜란드령 동인도)
인도령 카슈미르,1,4권_p204_카슈미르 분쟁 지역,인도령 카슈미르
인도양 교역망,1,2권_p101_신항로 개척 이전의 지역 교역망과 주요 교역로,인도양 교역망
일본,1,3권_p167_일본의 대외 팽창,일본
일본의 방어선,3,4권_p191_아시아·태평양 전쟁의 전개,일본의 방어선(1944년 10월) / 일본의 방어선(1944년 3월) / 일본의 방어선(1945년 8월)
일시적 자치 또는 독립된 지역,1,4권_p184_제1차 세계 대전 전후의 유럽,일시적 자치 또는 독립된 지역
잉카 제국,1,2권_p103_16세기 포르투갈과 에스파냐의 교역망 확대,잉카 제국
정통 칼리프 시대,2,2권_p069_여러 이슬람 제국의 형성과 변천,정통 칼리프 시대의 영역 / 정통 칼리프 시대의 정복지
조슈번,1,3권_p165_일본의 개항,조슈번
조지아,2,4권_p184_제1차 세계 대전 전후의 유럽 / 4권_p201_소련의 해체와 동유럽의 변화,조지아
주,1,1권_p019_상과 주의 세력 범위,주
주치 울루스,1,2권_p080_몽골 제국의 영역,주치 울루스
중국 문명,1,1권_p014-015_여러 지역에서 형성된 다양한 문명,중국 문명
중립국,1,4권_p190_1939~1941년 사이 유럽에서의 전쟁 상황,중립국
중립국(그리스·페르시아 전쟁),1,1권_p045_그리스·페르시아 전쟁,중립국
중앙아시아 교역망,1,2권_p101_신항로 개척 이전의 지역 교역망과 주요 교역로,중앙아시아 교역망
지부티,2,3권_p156_제국주의 열강의 아프리카 분할(1913년경) / 3권_p173_아프리카의 저항 운동,지부티 / 지부티(프랑스령 소말릴란드)
지중해 교역망,1,2권_p101_신항로 개척 이전의 지역 교역망과 주요 교역로,지중해 교역망
차 주요 산지,1,2권_p078_송대 산업의 발달과 동아시아 교역의 증대,차 주요 산지
차가타이 울루스,1,2권_p080_몽골 제국의 영역,차가타이 울루스
차드,1,3권_p156_제국주의 열강의 아프리카 분할(1913년경),차드
청,1,3권_p119_청대의 중국,청
청(번부),1,3권_p119_청대의 중국,청(번부)
청(직할지),1,3권_p119_청대의 중국,청(직할지)
체코,2,4권_p201_소련의 해체와 동유럽의 변화 / 4권_p206_유럽 연합 회원국(2023년 기준),체코
체코슬로바키아,1,4권_p184_제1차 세계 대전 전후의 유럽,체코슬로바키아
추축국 영토,1,4권_p190_1939~1941년 사이 유럽에서의 전쟁 상황,추축국 영토(1939년 9월)
추축국 점령지,1,4권_p190_1939~1941년 사이 유럽에서의 전쟁 상황,추축국 점령지(1939년 9월 이후)
추축국의 동맹국,1,4권_p190_1939~1941년 사이 유럽에서의 전쟁 상황,추축국의 동맹국
칠레,1,3권_p148_라틴 아메리카의 독립,칠레
카메룬,2,3권_p156_제국주의 열강의 아프리카 분할(1913년경) / 3권_p173_아프리카의 저항 운동,카메룬
카슈미르 분쟁 지역,1,4권_p204_카슈미르 분쟁 지역,카슈미르 분쟁 지역
카자흐스탄,1,4권_p201_소련의 해체와 동유럽의 변화,카자흐스탄
카탈루냐,1,4권_p184_제1차 세계 대전 전후의 유럽,카탈루냐(지명 추정)
캄보디아,1,3권_p157_제국주의 열강의 아시아·태평양 분할,캄보디아
케냐,1,3권_p156_제국주의 열강의 아프리카 분할(1913년경),케냐
코소보,1,4권_p204_구유고 연방의 분리,코소보
코스타리카,1,3권_p148_라틴 아메리카의 독립,코스타리카
콜롬비아,1,3권_p148_라틴 아메리카의 독립,콜롬비아
쿠바,1,3권_p148_라틴 아메리카의 독립,쿠바
쿠샨 왕조,1,1권_p035_쿠샨 왕조의 영역,쿠샨 왕조
쿠시,1,1권_p014-015_여러 지역에서 형성된 다양한 문명,쿠시
크로아티아,3,4권_p201_소련의 해체와 동유럽의 변화 / 4권_p204_구유고 연방의 분리 / 4권_p206_유럽 연합 회원국(2023년 기준),크로아티아
키르기스스탄,1,4권_p201_소련의 해체와 동유럽의 변화,키르기스스탄
키프로스,1,4권_p206_유럽 연합 회원국(2023년 기준),키프로스
타이,2,3권_p157_제국주의 열강의 아시아·태평양 분할 / 3권_p171_동남아시아의 식민지화,독립국(타이) / 타이
타이완,1,3권_p167_일본의 대외 팽창,타이완(시모노세키 조약 획득지)
타지키스탄,1,4권_p201_소련의 해체와 동유럽의 변화,타지키스탄
토고,1,3권_p156_제국주의 열강의 아프리카 분할(1913년경),토고
투르크메니스탄,1,4권_p201_소련의 해체와 동유럽의 변화,투르크메니스탄
투투일라 제도,1,3권_p157_제국주의 열강의 아시아·태평양 분할,투투일라 제도(미국령 사모아)
튀니지,2,3권_p156_제국주의 열강의 아프리카 분할(1913년경) / 3권_p173_아프리카의 저항 운동,튀니지
튀르키예,1,4권_p190_1939~1941년 사이 유럽에서의 전쟁 상황,튀르키예
티무르 왕조,1,2권_p074_티무르 왕조와 사파비 왕조의 영역,티무르 왕조
파나마,1,3권_p148_라틴 아메리카의 독립,파나마
파라과이,1,3권_p148_라틴 아메리카의 독립,파라과이
파르티아,1,1권_p041_파르티아와 사산 왕조 페르시아의 영역,파르티아
파운드 블록,1,4권_p188_각국의 블록 경제,파운드 블록
파키스탄령 카슈미르,1,4권_p204_카슈미르 분쟁 지역,파키스탄령 카슈미르
파티마 왕조,1,2권_p069_여러 이슬람 제국의 형성과 변천,파티마 왕조의 영역
페니키아,1,1권_p014-015_여러 지역에서 형성된 다양한 문명,페니키아
페루,1,3권_p148_라틴 아메리카의 독립,페루
포르투갈,4,4권_p181_제1차 세계 대전의 전개 / 4권_p183_참전국의 사상자 수 / 4권_p190_1939~1941년 사이 유럽에서의 전쟁 상황 / 4권_p206_유럽 연합 회원국(2023년 기준),포르투갈
포르투갈 관리 구역,1,2권_p103_16세기 포르투갈과 에스파냐의 교역망 확대,포르투갈 관리 구역
포르투갈령,3,3권_p156_제국주의 열강의 아프리카 분할(1913년경) / 3권_p171_동남아시아의 식민지화 / 3권_p173_아프리카의 저항 운동,포르투갈령
포르투갈령 기니,1,3권_p156_제국주의 열강의 아프리카 분할(1913년경),포르투갈령 기니
포르투갈령 기타 지역,1,3권_p173_아프리카의 저항 운동,포르투갈령 기타 지역(지도에 이름 없음)
폴란드,4,4권_p184_제1차 세계 대전 전후의 유럽 / 4권_p190_1939~1941년 사이 유럽에서의 전쟁 상황 / 4권_p201_소련의 해체와 동유럽의 변화 / 4권_p206_유럽 연합 회원국(2023년 기준),폴란드
폴란드 동부,1,4권_p190_1939~1941년 사이 유럽에서의 전쟁 상황,폴란드 동부(추정)
프랑 블록,1,4권_p188_각국의 블록 경제,프랑 블록
프랑스,4,4권_p181_제1차 세계 대전의 전개 / 4권_p183_참전국의 사상자 수 / 4권_p190_1939~1941년 사이 유럽에서의 전쟁 상황 / 4권_p206_유럽 연합 회원국(2023년 기준),프랑스
프랑스 비시 정부,1,4권_p190_1939~1941년 사이 유럽에서의 전쟁 상황,프랑스 비시 정부
프랑스 제국령,1,3권_p142_나폴레옹 시대의 유럽 정세,프랑스 제국령
프랑스령,4,3권_p156_제국주의 열강의 아프리카 분할(1913년경) / 3권_p157_제국주의 열강의 아시아·태평양 분할 / 3권_p171_동남아시아의 식민지화 / 3권_p173_아프리카의 저항 운동,프랑스령
프랑스령 가이아나,1,3권_p148_라틴 아메리카의 독립,프랑스령 가이아나
프랑스령 기타 지역,1,3권_p173_아프리카의 저항 운동,프랑스령 기타 지역(지도에 이름 없음)
프랑스령 서아프리카,1,3권_p156_제국주의 열강의 아프리카 분할(1913년경),프랑스령 서아프리카
프랑스령 콩고,2,3권_p156_제국주의 열강의 아프리카 분할(1913년경) / 3권_p173_아프리카의 저항 운동,프랑스령 콩고
프랑스의 동맹국,1,3권_p142_나폴레옹 시대의 유럽 정세,프랑스의 동맹국
프랑스의 위성국,1,3권_p142_나폴레옹 시대의 유럽 정세,프랑스의 위성국
프로이센,2,3권_p142_나폴레옹 시대의 유럽 정세 / 3권_p146_독일의 통일 과정,프로이센 / 프로이센(1866년 이전)
프로테스탄트,1,2권_p090_16세기 유럽의 종교 분포,프로테스탄트(신교)
플랑드르 지방,1,1권_p059_중세 유럽의 교역 발달,플랑드르 지방
피지 제도,1,3권_p157_제국주의 열강의 아시아·태평양 분할,피지 제도
핀란드,3,4권_p184_제1차 세계 대전 전후의 유럽 / 4권_p190_1939~1941년 사이 유럽에서의 전쟁 상황 / 4권_p206_유럽 연합 회원국(2023년 기준),핀란드
필리핀,1,3권_p157_제국주의 열강의 아시아·태평양 분할,필리핀
하와이,1,3권_p157_제국주의 열강의 아시아·태평양 분할,하와이
한,2,1권_p025_한 무제의 대외 팽창 정책,한(무제 즉위 시기) / 한(최대 영역)
한자 동맹,1,1권_p059_중세 유럽의 교역 발달,한자 동맹(뤼베크·함부르크)
헝가리,4,4권_p184_제1차 세계 대전 전후의 유럽 / 4권_p190_1939~1941년 사이 유럽에서의 전쟁 상황 / 4권_p201_소련의 해체와 동유럽의 변화 / 4권_p206_유럽 연합 회원국(2023년 기준),헝가리
헤브라이,1,1권_p014-015_여러 지역에서 형성된 다양한 문명,헤브라이
훌라구 울루스,1,2권_p080_몽골 제국의 영역,훌라구 울루스
히타이트,1,1권_p014-015_여러 지역에서 형성된 다양한 문명,히타이트
