폴더,권,쪽,제목,영역,경로,지점,추출방식,기준점,바탕투영,원근변환_오차km,기준점_검증오차km,해안대응점,해안오차_중앙값km,해안오차_90백분위km
1권_p014-015_여러 지역에서 형성된 다양한 문명,1,014-015,여러 지역에서 형성된 다양한 문명,10,0,0,vector-mask(문명 범위 = PDF 반투명 이미지의 알파 마스크),53,mill,197.2,92.8,1445,5.6,27.7
1권_p016_메소포타미아 문명의 영역,1,016,메소포타미아 문명의 영역,3,0,3,mixed(벡터 영역+래스터 바탕),17,aea,26.6,52.0,227,1.6,8.1
1권_p017_이집트 문명의 영역,1,017,이집트 문명의 영역,1,0,4,mixed(벡터 영역+래스터 바탕),20,aea,22.6,32.4,232,1.8,6.8
1권_p018_인도 문명과 아리아인의 이동,1,018,인도 문명과 아리아인의 이동,4,3,2,"mixed(벡터 영역+래스터 바탕, 화살표는 수동 판독)",13,aea,30.5,98.5,149,2.2,8.4
1권_p019_상과 주의 세력 범위,1,019,상과 주의 세력 범위,2,1,3,mixed(벡터 영역·경로+래스터 바탕),17,merc,36.1,49.4,144,1.3,5.1
1권_p022_전국 7웅,1,022,전국 7웅,0,0,9,raster(지점만),16,lcc,33.5,47.5,147,2.5,10.3
1권_p022_춘추 5패,1,022,춘추 5패,0,0,7,raster(지점만),16,lcc,33.5,47.5,140,2.5,11.1
1권_p025_한 무제의 대외 팽창 정책,1,025,한 무제의 대외 팽창 정책,2,5,5,vector,20,eqc,103.4,138.7,160,4.2,19.5
1권_p027_남북조 시대의 형세(5세기),1,027,남북조 시대의 형세(5세기),2,1,6,vector,18,lcc,49.6,57.4,137,4.4,18.3
1권_p028_수의 대운하,1,028,수의 대운하,0,5,7,vector,13,lcc,62.3,81.1,78,3.5,21.4
1권_p029_당의 발전,1,029,당의 발전,2,0,12,vector,26,aea,120.5,112.6,341,7.0,27.6
1권_p031_일본 고대 국가의 발전,1,031,일본 고대 국가의 발전,0,0,4,vector,15,lcc,12.1,25.7,364,1.1,6.0
1권_p034_마우리아 왕조의 영역과 석주,1,034,마우리아 왕조의 영역과 석주,1,0,14,vector,16,lcc,70.3,118.9,82,3.2,15.3
1권_p035_쿠샨 왕조의 영역,1,035,쿠샨 왕조의 영역,1,0,1,vector,16,aea,48.3,88.3,79,3.0,12.5
1권_p036_굽타 왕조와 그 영향권,1,036,굽타 왕조와 그 영향권,1,1,5,mixed,12,lcc,88.7,1209.1,48,6.1,30.1
1권_p038_불교의 전파 과정,1,038,불교의 전파 과정,0,28,10,vector,24,lcc,130.2,146.8,557,6.8,31.0
1권_p040_아시리아와 아케메네스 왕조 페르시아의 영역,1,040,아시리아와 아케메네스 왕조 페르시아의 영역,2,1,8,vector,30,eqc,63.6,78.4,240,5.2,21.5
1권_p041_파르티아와 사산 왕조 페르시아의 영역,1,041,파르티아와 사산 왕조 페르시아의 영역,3,0,9,vector,17,mill,57.0,71.7,221,6.0,25.9
1권_p042_6세기경 교역로의 변화,1,042,6세기경 교역로의 변화,2,7,4,vector,15,eqc,142.6,198.7,230,7.8,31.9
1권_p045_그리스·페르시아 전쟁,1,045,그리스·페르시아 전쟁,4,9,19,mixed,17,aea,19.0,29.2,710,1.1,6.3
1권_p046_알렉산드로스의 정복 활동,1,046,알렉산드로스의 정복 활동,2,25,25,vector,20,eqc,56.6,115.0,230,5.2,24.5
1권_p050_로마 제국의 영역,1,050,로마 제국의 영역,3,1,8,vector,23,lcc,33.0,53.4,380,4.5,18.3
1권_p052_게르만족의 이동,1,052,게르만족의 이동,2,15,10,vector,17,aea,26.9,44.9,357,4.3,21.3
1권_p056_비잔티움 제국의 영역과 5대 교구,1,056,비잔티움 제국의 영역과 5대 교구,3,0,5,vector,20,lcc,37.9,50.4,285,5.3,22.8
1권_p058_십자군 전쟁의 전개 과정,1,058,십자군 전쟁의 전개 과정,3,11,14,mixed,22,lcc,71.8,111.5,196,3.6,19.8
1권_p059_중세 유럽의 교역 발달,1,059,중세 유럽의 교역 발달,6,1,16,mixed,23,aea,67.0,76.4,358,4.9,23.0
2권_p069_여러 이슬람 제국의 형성과 변천,2,069,여러 이슬람 제국의 형성과 변천,7,0,12,mixed,27,merc,38.5,62.3,228,4.9,23.4
2권_p073_셀주크 튀르크의 발전,2,073,셀주크 튀르크의 발전,2,10,11,mixed,23,mill,27.7,46.6,438,3.8,20.2
2권_p074_티무르 왕조와 사파비 왕조의 영역,2,074,티무르 왕조와 사파비 왕조의 영역,2,0,4,raster,20,merc,40.1,63.0,216,3.9,17.8
2권_p075_도시로 보는 이슬람 문화(위치 지도),2,075,도시로 보는 이슬람 문화(위치 지도),0,0,4,raster,12,merc,42.9,75.7,0,,
2권_p077_금과 남송의 영역,2,077,금과 남송의 영역,3,1,5,vector,12,aea,35.1,70.2,140,3.3,14.2
2권_p077_요와 송의 영역,2,077,요와 송의 영역,4,2,5,vector,14,aea,39.7,64.6,149,4.1,14.7
2권_p078_송대 산업의 발달과 동아시아 교역의 증대,2,078,송대 산업의 발달과 동아시아 교역의 증대,3,25,20,vector,16,lcc,34.6,54.5,464,3.7,19.0
2권_p080_몽골 제국의 영역,2,080,몽골 제국의 영역,5,6,10,vector,28,merc,82.2,82.1,360,6.9,27.8
2권_p084_원거리 여행의 시대,2,084,원거리 여행의 시대,0,57,35,vector,34,aea,144.5,153.1,785,6.2,30.2
2권_p087_새로운 탐험의 항로를 개척한 사람들,2,087,새로운 탐험의 항로를 개척한 사람들,0,4,6,vector,25,mill,184.8,277.1,611,12.9,38.3
2권_p090_16세기 유럽의 종교 분포,2,090,16세기 유럽의 종교 분포,2,9,10,vector,18,aea,40.8,43.2,214,3.6,17.6
2권_p101_신항로 개척 이전의 지역 교역망과 주요 교역로,2,101,신항로 개척 이전의 지역 교역망과 주요 교역로,6,2,29,vector,29,merc,135.4,113.0,523,6.2,29.1
2권_p102_정화의 항해,2,102,정화의 항해,1,1,18,vector,31,merc,99.7,112.6,676,7.1,30.7
2권_p103_16세기 포르투갈과 에스파냐의 교역망 확대,2,103,16세기 포르투갈과 에스파냐의 교역망 확대,4,13,20,mixed,28,merc,133.6,193.4,662,10.2,36.0
2권_p104_대서양 삼각 무역의 전개,2,104,대서양 삼각 무역의 전개,0,3,4,vector,16,mill,65.4,112.7,182,9.8,32.4
2권_p106_아메리카 은의 유통,2,106,아메리카 은의 유통,0,18,15,vector,25,mill,199.9,299.0,430,12.2,37.2
3권_p119_청대의 중국,3,119,청대의 중국,3,1,12,vector,25,lcc,82.6,115.6,133,6.7,32.0
3권_p121_명·청대의 산업과 상업,3,121,명·청대의 산업과 상업,2,0,80,vector,21,mill,72.5,85.5,137,4.2,18.5
3권_p127_인도의 이슬람화,3,127,인도의 이슬람화,2,4,2,vector,17,aea,114.4,197.5,114,4.3,18.9
3권_p128_무굴 제국의 발전,3,128,무굴 제국의 발전,3,4,16,vector,20,aea,76.1,124.0,90,3.2,12.8
3권_p130_오스만 제국의 영역,3,130,오스만 제국의 영역,5,0,12,vector,16,mill,47.3,72.3,230,5.5,27.4
3권_p137_미국 혁명의 전개,3,137,미국 혁명의 전개,3,0,3,vector,20,lcc,50.3,61.5,88,3.0,17.4
3권_p142_나폴레옹 시대의 유럽 정세,3,142,나폴레옹 시대의 유럽 정세,12,8,10,vector,24,lcc,41.0,52.7,335,4.6,20.5
3권_p145_이탈리아의 통일 과정,3,145,이탈리아의 통일 과정,6,3,6,vector,21,aea,12.6,17.0,280,2.2,17.6
3권_p146_독일의 통일 과정,3,146,독일의 통일 과정,4,7,1,vector,19,aea,29.7,41.4,202,1.9,16.1
3권_p148_라틴 아메리카의 독립,3,148,라틴 아메리카의 독립,23,1,0,vector,26,mill,94.3,159.8,322,8.7,30.2
3권_p151_산업 혁명 시기 영국,3,151,산업 혁명 시기 영국,2,1,3,vector,18,aea,9.1,13.2,376,0.8,2.4
3권_p156_제국주의 열강의 아프리카 분할(1913년경),3,156,제국주의 열강의 아프리카 분할(1913년경),49,9,3,vector,22,mill,32.4,47.8,394,4.1,20.9
3권_p157_제국주의 열강의 아시아·태평양 분할,3,157,제국주의 열강의 아시아·태평양 분할,32,9,17,vector,30,mill,47.7,77.9,374,7.4,28.2
3권_p160_아편 전쟁과 중국의 개항,3,160,아편 전쟁과 중국의 개항,0,13,19,vector,21,lcc,40.7,62.5,372,2.5,13.2
3권_p165_일본의 개항,3,165,일본의 개항,2,0,8,vector,20,merc,19.9,27.7,278,1.8,8.0
3권_p167_일본의 대외 팽창,3,167,일본의 대외 팽창,5,4,0,vector,23,lcc,45.3,46.9,252,4.4,24.5
3권_p168_세포이의 항쟁 주요 지역,3,168,세포이의 항쟁 주요 지역,2,0,16,vector,17,lcc,20.9,33.0,122,2.6,14.5
3권_p169_영국의 벵골 분할령,3,169,영국의 벵골 분할령,2,1,1,vector,12,eqc,32.4,91.7,46,3.3,10.9
3권_p171_동남아시아의 식민지화,3,171,동남아시아의 식민지화,6,0,8,vector,29,mill,27.6,39.6,515,5.9,23.8
3권_p173_아프리카의 저항 운동,3,173,아프리카의 저항 운동,39,1,4,vector,19,mill,17.9,24.5,192,4.2,23.6
4권_p180_3국 동맹과 3국 협상,4,180,3국 동맹과 3국 협상,0,6,0,vector,25,lcc,30.8,45.6,327,3.3,20.0
4권_p181_제1차 세계 대전의 전개,4,181,제1차 세계 대전의 전개,18,44,10,vector,24,aea,13.5,15.6,592,3.0,11.9
4권_p183_참전국의 사상자 수,4,183,참전국의 사상자 수,15,0,15,vector,22,aea,19.5,26.9,372,4.1,17.1
4권_p184_제1차 세계 대전 전후의 유럽,4,184,제1차 세계 대전 전후의 유럽,21,1,0,vector,20,aea,37.4,51.3,453,4.4,19.8
4권_p188_각국의 블록 경제,4,188,각국의 블록 경제,3,0,0,vector,39,mill,78.4,119.7,0,,
4권_p190_1939~1941년 사이 유럽에서의 전쟁 상황,4,190,1939~1941년 사이 유럽에서의 전쟁 상황,32,20,0,vector,24,aea,62.0,86.6,432,4.8,22.0
4권_p191_아시아·태평양 전쟁의 전개,4,191,아시아·태평양 전쟁의 전개,3,13,19,vector,21,eqc,173.1,260.2,184,8.3,28.4
4권_p197_베트남의 분단,4,197,베트남의 분단,2,1,3,vector,13,eqc,22.6,52.7,110,1.7,4.8
4권_p201_소련의 해체와 동유럽의 변화,4,201,소련의 해체와 동유럽의 변화,28,2,0,vector,40,mill,24.9,21.3,400,3.4,16.0
4권_p203_르완다,4,203,르완다,1,0,0,vector,18,eqc,19.1,21.3,36,1.7,5.4
4권_p204_구유고 연방의 분리,4,204,구유고 연방의 분리,10,1,0,vector,17,eqc,10.5,14.8,132,1.4,5.3
4권_p204_카슈미르 분쟁 지역,4,204,카슈미르 분쟁 지역,3,1,0,vector,5,eqc,2.3,,0,,
4권_p206_유럽 연합 회원국(2023년 기준),4,206,유럽 연합 회원국(2023년 기준),33,0,0,vector,26,aea,20.5,17.3,649,3.3,17.1
4권_p210_수단과 남수단의 분리,4,210,수단과 남수단의 분리,4,1,2,vector,21,eqc,23.8,29.4,43,2.3,10.3
